timestamp,value1,value2,value3,value4,value5,value6,value7,value8,value9,value10,value11,value12,value13,value14,value15,value16,value17,value18,value19,value20
0.0,-7.185710870409655e-11,-0.12229075541681943,-0.1218533758139312,-0.1220090836723491,-0.12212090801339572,1.837222359117515e-10,47.561176449063915,47.7351324326097,47.52602437870848,47.74430976098607,0.0,0.0,0.0,0.0,0.0,0.0,-9.4e-322,0.0,0.0,0.0
3.4333950142057875e-9,2.5200552547315752e-5,-0.12229490534098326,-0.12182590657023722,-0.12203843639175271,-0.12211863733224275,3.162272245046365e-5,47.56117651592168,47.735132439711776,47.5260243777042,47.744309760206804,0.0,0.0,0.0,0.0,0.0,0.0,-9.4e-322,0.0,0.0,0.0
6.866790028411575e-9,5.040097406957298e-5,-0.12229905524299396,-0.12179843754805178,-0.12206778888610428,-0.12211636666973208,6.324501749101503e-5,47.56117658279609,47.735132446795895,47.52602437672229,47.74430975940647,0.0,0.0,0.0,0.0,0.0,0.0,-9.4e-322,0.0,0.0,0.0
3.4606657193414093e-6,0.025297064264047424,-0.12646224412419635,-0.09427919365708722,-0.15147981634428168,-0.11984171997716532,0.031749055572572744,47.561252234755976,47.73513052715498,47.5260346588992,47.744298337385615,0.0,0.0,0.0,0.0,0.0,0.0,-9.4e-322,0.0,0.0,0.0
6.914464648654407e-6,0.05033497059502502,-0.13060235212018279,-0.06698786439587662,-0.18065998915873052,-0.1175862469115599,0.06318384452642294,47.561344572678365,47.735110591677135,47.526067393579275,47.744265767499506,0.0,0.0,0.0,0.0,0.0,0.0,-9.4e-322,0.0,0.0,0.0
1.0368263577967405e-5,0.07516071659303754,-0.13471872230370982,-0.03992815836650805,-0.2096042471579839,-0.11535025257781045,0.0943632465511723,47.561453446868484,47.73507279334749,47.526122404489726,47.744212223191965,0.0,0.0,0.0,0.0,0.0,0.0,-9.4e-322,0.0,0.0,0.0
3.873124671477001e-5,0.2706159440204186,-0.16754714069896423,0.17310083968752144,-0.43790486705536863,-0.09776035994382958,0.3402470203223901,47.56295327703678,47.734106994495,47.527393237022316,47.743002206140346,0.0,0.0,0.0,0.0,0.0,0.0,-9.4e-322,0.0,0.0,0.0
6.709422985157262e-5,0.4498918399075944,-0.1983977428573323,0.36846692315293295,-0.6480472924973779,-0.08165504449521506,0.5664884379873804,47.565467918395306,47.73203979174864,47.530046171055396,47.74049529197697,0.0,0.0,0.0,0.0,0.0,0.0,-9.4e-322,0.0,0.0,0.0
9.545721298837523e-5,0.6116528291972502,-0.2269802432697967,0.544708326913563,-0.8384057271642437,-0.06716043526931166,0.7713355486829455,47.56890106574386,47.72897098972033,47.533963644878675,47.736805783945044,0.0,0.0,0.0,0.0,0.0,0.0,-9.4e-322,0.0,0.0,0.0
0.00012382019612517786,0.754874185378918,-0.2530473585695348,0.7006990199458617,-1.007708221771659,-0.054377779227874276,0.9534151321074222,47.57314989666434,47.72500779863366,47.53901812717155,47.73205705658301,0.0,0.0,0.0,0.0,0.0,0.0,-9.4e-322,0.0,0.0,0.0
0.00016399910589554072,0.924655073436995,-0.28525537625331965,0.8854905667649796,-1.209715536922575,-0.03934963517634528,1.170443282717563,47.58032916021321,47.71811010902365,47.547826950269716,47.72380332491635,0.0,0.0,0.0,0.0,0.0,0.0,-9.4e-322,0.0,0.0,0.0
0.0002041780156659036,1.055053461626161,-0.3116336827286177,1.027208616276686,-1.3665090521354497,-0.028013997666070198,1.338565757630996,47.58861749676769,47.709972954583655,47.55824672361317,47.7140681806157,0.0,0.0,0.0,0.0,0.0,0.0,-9.4e-322,0.0,0.0,0.0
0.00024435692543626645,1.1461616656458997,-0.33194504356943716,1.1259156578439455,-1.4779439860283095,-0.02040056258347767,1.4576080250531136,47.5977057629444,47.70092385995382,47.56987710459964,47.7032340725394,0.0,0.0,0.0,0.0,0.0,0.0,-9.4e-322,0.0,0.0,0.0
0.0002513271181147852,1.1580099438403335,-0.3348430120661923,1.1387049608364606,-1.4926927589523824,-0.019457138364769283,1.4732992192736305,47.5993454931899,47.699280673167756,47.571994034645236,47.701265520175504,0.0,0.0,0.0,0.0,0.0,0.0,-9.4e-322,0.0,0.0,0.0
0.0002582973107933039,1.168711807303363,-0.33755538023546044,1.1502377399272257,-1.5061094775974042,-0.01862386056778642,1.4875482283638954,47.60099844660919,47.69762159121555,47.57413316745891,47.699277440972914,0.0,0.0,0.0,0.0,0.0,0.0,-9.4e-322,0.0,0.0,0.0
0.00026526750347182263,1.1782772256633245,-0.3400825270441733,1.160524679638173,-1.5182044911686752,-0.017900013719522937,1.50036611676003,47.602663085890654,47.69594825848511,47.57629245857773,47.69727177412298,0.0,0.0,0.0,0.0,0.0,0.0,-9.4e-322,0.0,0.0,0.0
0.0002812364168844452,1.1959760458885278,-0.3451775566151374,1.1794691811314213,-1.5410038084495754,-0.016649139424449445,1.524414137727663,47.60651143830006,47.692070988972425,47.58130286113704,47.69262236162699,0.0,0.0,0.0,0.0,0.0,0.0,-9.4e-322,0.0,0.0,0.0
0.00029720533029706773,1.2079107346380695,-0.349312169476266,1.1920904685839617,-1.55707838500818,-0.01595753056622703,1.5411782289738534,47.610395104769104,47.68814680800962,47.58638428867832,47.687913580129475,0.0,0.0,0.0,0.0,0.0,0.0,-9.4e-322,0.0,0.0,0.0
0.0003131742437096903,1.2142417835940231,-0.35249854025437743,1.198561617018998,-1.5666008939343161,-0.01581259736317997,1.550843650678052,47.6142965370238,47.68419456326385,47.5915131414715,47.68316774752245,0.0,0.0,0.0,0.0,0.0,0.0,-9.4e-322,0.0,0.0,0.0
0.0003526483716290112,1.2069573983885489,-0.3564099515144288,1.189369426721848,-1.5632397411406256,-0.017709174703256707,1.5455812275105039,47.62391803479051,47.67441093266552,47.604260732671854,47.671403897291526,0.0,0.0,0.0,0.0,0.0,0.0,-9.4e-322,0.0,0.0,0.0
0.00039212249954833213,1.1696871662675252,-0.35495311577716504,1.1472062922785808,-1.524523493734663,-0.022591799740034287,1.501978059314741,47.63330150138701,47.66482987211143,47.61682571892373,47.65985885444011,0.0,0.0,0.0,0.0,0.0,0.0,-9.4e-322,0.0,0.0,0.0
0.00043159662746765305,1.105993117006653,-0.34855810270873444,1.075946980211669,-1.4544443343679812,-0.030147656694011624,1.4243391114873079,47.64223904961025,47.65567741994141,47.62891890937804,47.64880375843921,0.0,0.0,0.0,0.0,0.0,0.0,-9.4e-322,0.0,0.0,0.0
0.000471070755386974,1.019834400370912,-0.33774803464945946,0.9799096607169759,-1.357484612900169,-0.04001765128314091,1.317505797301149,47.6505477735374,47.64715382454095,47.64028112144377,47.63848048339695,0.0,0.0,0.0,0.0,0.0,0.0,-9.4e-322,0.0,0.0,0.0
0.0004980060131885012,0.9503975841836949,-0.3281557330172339,0.9026141732164661,-1.2784612360700207,-0.04787086979427117,1.2306269227693734,47.65577399393307,47.64178958619206,47.64749527081675,47.63196714206942,0.0,0.0,0.0,0.0,0.0,0.0,-9.4e-322,0.0,0.0,0.0
0.0005249412709900285,0.8738043807462575,-0.31698786035686183,0.8173973062639686,-1.1907055640214905,-0.05648940053341317,1.1342505745574314,47.66059903804186,47.63683840940701,47.65421004472,47.62594165607043,0.0,0.0,0.0,0.0,0.0,0.0,-9.4e-322,0.0,0.0,0.0
0.0005518765287915558,0.7914087868658557,-0.30445441388190103,0.725745159441167,-1.0957816105577904,-0.06574112193678101,1.0300728801786483,47.664991270988466,47.63233604200972,47.660376859352745,47.620448458458895,0.0,0.0,0.0,0.0,0.0,0.0,-9.4e-322,0.0,0.0,0.0
0.000655401689545775,0.44301970724409184,-0.2472790354364165,0.3381481983898121,-0.6902340521656487,-0.10493295202395647,0.5853267824760713,47.677553624636346,47.61955346934996,47.67847875014335,47.60473457659847,0.0,0.0,0.0,0.0,0.0,0.0,-9.4e-322,0.0,0.0,0.0
0.0007221850323766323,0.21692543620525503,-0.20713873299642524,0.08631095998181663,-0.4240084847598468,-0.13066736540843485,0.2933632262469588,47.6817934524228,47.6153980496543,47.68500779176252,47.599519990861474,0.0,0.0,0.0,0.0,0.0,0.0,-9.4e-322,0.0,0.0,0.0
0.0007889683752074896,0.008138234200906633,-0.16796428199214997,-0.14655009932602445,-0.17605458311493463,-0.1547338604524559,0.02133975224267007,47.683193394660016,47.614279333607186,47.68765154628228,47.59799271266991,0.0,0.0,0.0,0.0,0.0,0.0,-9.4e-322,0.0,0.0,0.0
0.0007942976417400006,-0.0073601575442951055,-0.16496407341425828,-0.16385022087898116,-0.15755655279298017,-0.15653504887208355,0.0010403072088737626,47.68319103073506,47.6143128208711,47.68770379955832,47.598020781250014,0.0,0.0,0.0,0.0,0.0,0.0,-9.4e-322,0.0,0.0,0.0
0.0007996269082725116,-0.02266122723909889,-0.16198820703871733,-0.1809322821900254,-0.13928017993896546,-0.15831550554442067,-0.01901674591610218,47.683172851995785,47.61436338632472,47.68773384131274,47.598069781253926,0.0,0.0,0.0,0.0,0.0,0.0,-9.4e-322,0.0,0.0,0.0
0.0008049561748050226,-0.03776159834278159,-0.15903762852855974,-0.19779240849076105,-0.12122978684434706,-0.16007473215849582,-0.03882658656464722,47.68313912995021,47.61443074795724,47.68774201430587,47.59813937976606,0.0,0.0,0.0,0.0,0.0,0.0,-9.4e-322,0.0,0.0,0.0
0.0008102854413375336,-0.052656227723227665,-0.1561134766125834,-0.21442494439402998,-0.10341155544931471,-0.16181211638396967,-0.058382420497705215,47.68309007781723,47.61451468825148,47.68772857409052,47.59822932486094,0.0,0.0,0.0,0.0,0.0,0.0,-9.4e-322,0.0,0.0,0.0
0.0008209439744025556,-0.08180997527504194,-0.15034875307227902,-0.24698667108852831,-0.06849416461978658,-0.16521906949126372,-0.09670719330211527,47.682946899546735,47.61473136447292,47.68763797136192,47.598469158902795,0.0,0.0,0.0,0.0,0.0,0.0,-9.4e-322,0.0,0.0,0.0
0.0008316025074675776,-0.11008721158414107,-0.14470243604096908,-0.27857775773921295,-0.034571666002914996,-0.1685319180544986,-0.13394295921072663,47.68274518533328,47.61501149432948,47.68746432294071,47.59878704077888,0.0,0.0,0.0,0.0,0.0,0.0,-9.4e-322,0.0,0.0,0.0
0.0008422610405325996,-0.1374553202838425,-0.1391825168783012,-0.3091614035999686,-0.0016846679288110029,-0.1717464771207694,-0.17004492518022615,47.68248687232113,47.615353079632165,47.687210026091,47.599180629034706,0.0,0.0,0.0,0.0,0.0,0.0,-9.4e-322,0.0,0.0,0.0
0.0008529195735976216,-0.1638842341013769,-0.13379658559737193,-0.3387036128686858,0.030129171727152113,-0.1748588176008209,-0.2049715044800216,47.68217395837099,47.61575405358496,47.68687757411727,47.59964749413556,0.0,0.0,0.0,0.0,0.0,0.0,-9.4e-322,0.0,0.0,0.0
0.0009093180486067805,-0.28709657792300575,-0.10779939405017065,-0.47655116613141674,0.1793337694449868,-0.18948933725195086,-0.36880858211169476,47.67969424214749,47.6187760287843,47.68392511358891,47.603233179391594,0.0,0.0,0.0,0.0,0.0,0.0,-9.4e-322,0.0,0.0,0.0
0.0009657165236159394,-0.3804684715064551,-0.0866002717089028,-0.5811858975776407,0.2939004347950807,-0.200748042930968,-0.4946356803323803,47.67606821208239,47.62306145998222,47.679274960193794,47.608396035641896,0.0,0.0,0.0,0.0,0.0,0.0,-9.4e-322,0.0,0.0,0.0
0.0010221149986250982,-0.44297306968390243,-0.07073672239131128,-0.6513639643515154,0.3722647491025489,-0.20841787075880944,-0.5806713442550052,47.67163718650487,47.628250340515294,47.67337812249555,47.61470312972144,0.0,0.0,0.0,0.0,0.0,0.0,-9.4e-322,0.0,0.0,0.0
0.001078513473634257,-0.4752613204654961,-0.06042659663649299,-0.6877125339125069,0.41485974826945266,-0.21247498170645318,-0.6273247951956881,47.66674019072813,47.63398225024808,47.666693379742114,47.62171657861371,0.0,0.0,0.0,0.0,0.0,0.0,-9.4e-322,0.0,0.0,0.0
0.0011349119486434157,-0.479440230781502,-0.05558833728158168,-0.6924926128704518,0.4238739421853529,-0.21307332397081838,-0.6369385127598943,47.66169798458114,47.63991364804196,47.65966468455364,47.62901483823416,0.0,0.0,0.0,0.0,0.0,0.0,-9.4e-322,0.0,0.0,0.0
0.0011636187556618028,-0.4717911184444039,-0.05512455047608759,-0.6839149739815609,0.41668724068120944,-0.21214349051778347,-0.6288225240680677,47.65916997750801,47.642907721396675,47.65608812469103,47.63271318751814,0.0,0.0,0.0,0.0,0.0,0.0,-9.4e-322,0.0,0.0,0.0
0.00119232556268019,-0.4582180528181642,-0.05592397786674319,-0.6686483291321795,0.40231345756453146,-0.2104486859555018,-0.61275444856271,47.65671355582572,47.64583541841011,47.65257794110153,47.63633860730595,0.0,0.0,0.0,0.0,0.0,0.0,-9.4e-322,0.0,0.0,0.0
0.001221032369698577,-0.4392896491174844,-0.05790567762762812,-0.6473217350367672,0.3814021445129302,-0.20804934668993363,-0.5894442764565243,47.65435948883719,47.64866315667878,47.64917920135634,47.63984883199717,0.0,0.0,0.0,0.0,0.0,0.0,-9.4e-322,0.0,0.0,0.0
0.0012497391767169641,-0.415612200813015,-0.06097717796165896,-0.6206081642837749,0.35465206176998354,-0.2050121470669273,-0.5596574443335425,47.652135137961764,47.651360900476554,47.645932660011226,47.64320577827705,0.0,0.0,0.0,0.0,0.0,0.0,-9.4e-322,0.0,0.0,0.0
0.0013089579336327652,-0.3544858393521381,-0.0703085395509606,-0.5515151595628865,0.2841922180272951,-0.1970434895692799,-0.4812297850146889,47.64805148533755,47.65640987796444,47.63986202166522,47.649511137722456,0.0,0.0,0.0,0.0,0.0,0.0,-9.4e-322,0.0,0.0,0.0
0.0013681766905485663,-0.28150069670181305,-0.08286031786083375,-0.4688232832040794,0.19865344030987933,-0.18733499230938672,-0.3859832471757351,47.64477645002458,47.660619398131246,47.634838941809825,47.65479415168383,0.0,0.0,0.0,0.0,0.0,0.0,-9.4e-322,0.0,0.0,0.0
0.0014273954474643673,-0.2022621077053303,-0.09758518783907014,-0.37883144644975075,0.10468835566943369,-0.17658020049125173,-0.2812640161114734,47.642404641401775,47.663879585263174,47.63102725872765,47.658906478610724,0.0,0.0,0.0,0.0,0.0,0.0,-9.4e-322,0.0,0.0,0.0
0.0014973384521913295,-0.10770711520345667,-0.11634667917113757,-0.2711499557743778,-0.008629789502169211,-0.16345212437619372,-0.154818454381,47.640805159658385,47.666454496611415,47.628182847631194,47.66217328402492,0.0,0.0,0.0,0.0,0.0,0.0,-9.4e-322,0.0,0.0,0.0
0.001504508995932941,-0.09824712972139844,-0.11829219636000128,-0.260357466085558,-0.020035448244253403,-0.16211947193275353,-0.1420802051562086,47.64071426784014,47.66664039725286,47.62799390466641,47.66241014449492,0.0,0.0,0.0,0.0,0.0,0.0,-9.4e-322,0.0,0.0,0.0
0.0015116795396745526,-0.0888588878387355,-0.12023527875014037,-0.24964322878608836,-0.03136692609447842,-0.16079333064782658,-0.12942264699176748,47.64063648244136,47.666812243858836,47.62782357179088,47.6626292749056,0.0,0.0,0.0,0.0,0.0,0.0,-9.4e-322,0.0,0.0,0.0
0.0015188500834161641,-0.0795496912000684,-0.12217428258105942,-0.23901557047820685,-0.042615277689314036,-0.15947472543957616,-0.11685575018587384,47.64057171233918,47.66697012053623,47.62767177052686,47.66283076140966,0.0,0.0,0.0,0.0,0.0,0.0,-9.4e-322,0.0,0.0,0.0
0.0015260206271577757,-0.07032633993249574,-0.12410761765033984,-0.2284822719643056,-0.053772112738389305,-0.15816463694610564,-0.10438888568253978,47.64051982769122,47.66711415329665,47.62753836639165,47.66301474301,0.0,0.0,0.0,0.0,0.0,0.0,-9.4e-322,0.0,0.0,0.0
0.001540361714640999,-0.05216331306826075,-0.1279510772535793,-0.20772870313551586,-0.07577888954438146,-0.15557381921749502,-0.07979140641322505,47.64045414541799,47.66736124591974,47.62732613600434,47.663330818259034,0.0,0.0,0.0,0.0,0.0,0.0,-9.4e-322,0.0,0.0,0.0
0.0015547028021242223,-0.034420496863922866,-0.13175348923041338,-0.18744065781455074,-0.09732439886640529,-0.15302832307277725,-0.055700512560268194,47.64043822606949,47.66755471731448,47.62718554577599,47.66357885502134,0.0,0.0,0.0,0.0,0.0,0.0,-9.4e-322,0.0,0.0,0.0
0.0015690438896074457,-0.01714534947444432,-0.1355031823662311,-0.16767268493449217,-0.11834951162625888,-0.15053523901332386,-0.0321824238189185,47.64047072232641,47.667695914704986,47.627115050105566,47.663760404555035,0.0,0.0,0.0,0.0,0.0,0.0,-9.4e-322,0.0,0.0,0.0
0.001583384977090669,-0.00038214231030127694,-0.13918899370189006,-0.148475787927544,-0.13879879373646586,-0.14810129879288064,-0.009299306142410613,47.6405501638147,47.667786321285924,47.62711291280553,47.66387719577969,0.0,0.0,0.0,0.0,0.0,0.0,-9.4e-322,0.0,0.0,0.0
0.0015920214450441594,0.00944856391255912,-0.14137334677607163,-0.13721068933095779,-0.1508140077389081,-0.14666675947968413,0.004150385754701761,47.64061999861022,47.667816926508785,47.62714381646863,47.66391706832492,0.0,0.0,0.0,0.0,0.0,0.0,-9.4e-322,0.0,0.0,0.0
0.0016006579129976498,0.019070303477679938,-0.14352844481540525,-0.12617963682754443,-0.16259099707834995,-0.14525730242322024,0.017336771911342135,47.64070592007649,47.66783006712045,47.62719837002182,47.66393458308405,0.0,0.0,0.0,0.0,0.0,0.0,-9.4e-322,0.0,0.0,0.0
0.0016092943809511403,0.02847508026163531,-0.14565213011585212,-0.11539190199145634,-0.17411960798446569,-0.14387420301995246,0.03024842313805983,47.640807551925,47.66782612842712,47.627276106955605,47.663930198741184,0.0,0.0,0.0,0.0,0.0,0.0,-9.4e-322,0.0,0.0,0.0
0.0016179308489046307,0.03765537002788855,-0.14774232665382145,-0.10485622827353364,-0.18539024025305462,-0.14251868043105917,0.042874520047232745,47.64092450410412,47.66780551114502,47.627376538550834,47.66390439453441,0.0,0.0,0.0,0.0,0.0,0.0,-9.4e-322,0.0,0.0,0.0
0.001626567316858121,0.046604081398425035,-0.14979703500497332,-0.09458087385949483,-0.19639380313662408,-0.14119190141213922,0.05520480511401333,47.64105637508563,47.66776862890924,47.62749915726534,47.66385766707263,0.0,0.0,0.0,0.0,0.0,0.0,-9.4e-322,0.0,0.0,0.0
0.0016438402527651022,0.06378057534375917,-0.1537923808421846,-0.07484171732491236,-0.21756592104968495,-0.13862897465401688,0.07893973936652733,47.64136321452101,47.667647783891915,47.62780883787498,47.6637035098177,0.0,0.0,0.0,0.0,0.0,0.0,-9.4e-322,0.0,0.0,0.0
0.0016611131886720833,0.07995651166455642,-0.15762374786645353,-0.05623074665959519,-0.23757349194769892,-0.13619368618721556,0.10138249251199456,47.641724654502255,47.667467133294195,47.6282007469949,47.663472013721965,0.0,0.0,0.0,0.0,0.0,0.0,-9.4e-322,0.0,0.0,0.0
0.0016783861245790643,0.09509074962086564,-0.16127800727827765,-0.03879649583607653,-0.256362246693486,-0.13389342886223762,0.12247140240303482,47.64213714195043,47.66723037467471,47.62867024437552,47.663167683467236,0.0,0.0,0.0,0.0,0.0,0.0,-9.4e-322,0.0,0.0,0.0
0.0016956590604860454,0.10914898817650769,-0.1647433406148266,-0.022579780952403126,-0.2738860661750129,-0.1317347173734001,0.14215383507966692,47.64259700933789,47.666941338841475,47.62921248287014,47.66279521156427,0.0,0.0,0.0,0.0,0.0,0.0,-9.4e-322,0.0,0.0,0.0
0.0017129319963930265,0.122103666054251,-0.16800925274616518,-0.007613796689042309,-0.2901068943573719,-0.12972318477036637,0.1603861013095318,47.643100497513295,47.666603965489585,47.62982244015947,47.662359448134296,0.0,0.0,0.0,0.0,0.0,0.0,-9.4e-322,0.0,0.0,0.0
0.0017994551272317444,0.16986383656726878,-0.1810910205628459,0.047869254367638954,-0.35094989616662575,-0.12199929413186718,0.22895257155261103,47.64614411194274,47.66432875460955,47.63371330622152,47.65940075536447,0.0,0.0,0.0,0.0,0.0,0.0,-9.4e-322,0.0,0.0,0.0
0.0018859782580704625,0.18935904414218785,-0.18834148255901909,0.0710402245415652,-0.37769644150063636,-0.1183226997320356,0.2593753636058691,47.6497004187589,47.661456881902154,47.63849889868536,47.65562508606608,0.0,0.0,0.0,0.0,0.0,0.0,-9.4e-322,0.0,0.0,0.0
0.0019725013889091807,0.1835495945140033,-0.18986480719806853,0.06507484373724291,-0.37341103767541656,-0.11847794594692886,0.2549344272614644,47.65331444917577,47.65847618601644,47.64352421660321,47.65165516071591,0.0,0.0,0.0,0.0,0.0,0.0,-9.4e-322,0.0,0.0,0.0
0.002059024519747899,0.157755507351098,-0.18639767339463031,0.0359038192409895,-0.34415041056544526,-0.12185431923546329,0.22229719110015075,47.656608833588834,47.655796364073865,47.648223575597854,47.648024637644745,0.0,0.0,0.0,0.0,0.0,0.0,-9.4e-322,0.0,0.0,0.0
0.002145547650586617,0.11860963089584653,-0.17912276904183533,-0.008962644540179565,-0.2977301187797382,-0.127574442087109,0.17015658231941697,47.659312120434066,47.65371709849493,47.65216820316155,47.64513409444405,0.0,0.0,0.0,0.0,0.0,0.0,-9.4e-322,0.0,0.0,0.0
0.0021607680883117906,0.1108728169737009,-0.17755546217756327,-0.017872580471159104,-0.2884260746134479,-0.12874749132226998,0.15967945849954143,47.65971316464269,47.65342855661068,47.652761379011544,47.644723056135,0.0,0.0,0.0,0.0,0.0,0.0,-9.4e-322,0.0,0.0,0.0
0.002175988526036964,0.10297416904030476,-0.17592201357124043,-0.026980374267046806,-0.2788940521216826,-0.1299565668536178,0.1489383310791595,47.66009044876803,47.65316484512265,47.65332166527206,47.64434366655358,0.0,0.0,0.0,0.0,0.0,0.0,-9.4e-322,0.0,0.0,0.0
0.002191208963762138,0.09495254164389891,-0.17423106383925377,-0.03624122927050873,-0.26918154655343435,-0.1311957264926713,0.13798663746225323,47.66044359476883,47.6529264339058,47.65384824007399,47.64399665390044,0.0,0.0,0.0,0.0,0.0,0.0,-9.4e-322,0.0,0.0,0.0
0.0022064294014873115,0.08684255342805207,-0.17249051740147897,-0.04561510860917857,-0.2593310810565032,-0.13245955193024272,0.12687231907233748,47.6607723693966,47.65271363173631,47.65434051913285,47.64368252513687,0.0,0.0,0.0,0.0,0.0,0.0,-9.4e-322,0.0,0.0,0.0
0.002221649839212485,0.0786790081262575,-0.17070843846049516,-0.05506171012106627,-0.24938552364750635,-0.13374254466137886,0.11564374239898065,47.66107662687462,47.65252665491884,47.65479803928118,47.64340167094777,0.0,0.0,0.0,0.0,0.0,0.0,-9.4e-322,0.0,0.0,0.0
0.0022368702769376587,0.0704955430152652,-0.16889277576701542,-0.06454200335537628,-0.23938646043197304,-0.13503931143791267,0.10434788676490599,47.66135632574091,47.65236560702929,47.65522049306963,47.64315433461658,0.0,0.0,0.0,0.0,0.0,0.0,-9.4e-322,0.0,0.0,0.0
0.0022673111523880056,0.05419782349129803,-0.16519189594472167,-0.08345365498976473,-0.21938798382812683,-0.13765312696722698,0.08173554590264692,47.661842359512136,47.652121195620296,47.65595968795029,47.64276051104685,0.0,0.0,0.0,0.0,0.0,0.0,-9.4e-322,0.0,0.0,0.0
0.0022977520278383524,0.03819494459568242,-0.16144871476756953,-0.10206373115868042,-0.19964203839070224,-0.14026021535949484,0.059382466562365274,47.66223200400382,47.651979205705665,47.65655845585074,47.64250034288745,0.0,0.0,0.0,0.0,0.0,0.0,-9.4e-322,0.0,0.0,0.0
0.0023281929032886992,0.02271103932472363,-0.1577210571173622,-0.12010972198805092,-0.18043058253331917,-0.14282219922836928,0.03760898433145244,47.66252815704175,47.65193695967746,47.657019243561116,47.642371144296426,0.0,0.0,0.0,0.0,0.0,0.0,-9.4e-322,0.0,0.0,0.0
0.002358633778739046,0.007946873971438277,-0.15406304909963955,-0.13735532170833145,-0.16200850915462675,-0.14530353862232975,0.016705531861538475,47.662734941817426,47.65199043818504,47.65734641613869,47.64236842704761,0.0,0.0,0.0,0.0,0.0,0.0,-9.4e-322,0.0,0.0,0.0
0.002389074654189393,-0.005921609105625499,-0.15052452985244136,-0.15359225011625285,-0.14460160021827773,-0.14767189525303645,-0.003069770780809776,47.66285755963543,47.652134433659846,47.65754606456019,47.642486086952474,0.0,0.0,0.0,0.0,0.0,0.0,-9.4e-322,0.0,0.0,0.0
0.0024195155296397397,-0.01874426954721523,-0.147150562439499,-0.1686415272034516,-0.12840505958347076,-0.1498984290570599,-0.021492879846142947,47.66290213614635,47.65236271161381,47.65762579976489,47.64271660261131,0.0,0.0,0.0,0.0,0.0,0.0,-9.4e-322,0.0,0.0,0.0
0.002486499093623176,-0.04270530636699201,-0.1404945113574581,-0.1968845596523532,-0.09778814385333667,-0.15418026115693167,-0.05639169602884134,47.66276029969211,47.65312580307105,47.657424555429785,47.643576718880134,0.0,0.0,0.0,0.0,0.0,0.0,-9.4e-322,0.0,0.0,0.0
0.0025534826576066125,-0.06017030274887686,-0.1351504612687561,-0.21762870107792004,-0.07497924551888367,-0.15745926550031958,-0.08247965751716996,47.66235714959368,47.65417581520368,47.656798761919156,47.64483154957334,0.0,0.0,0.0,0.0,0.0,0.0,-9.4e-322,0.0,0.0,0.0
0.002620466221590049,-0.07085151877990391,-0.13131553996565434,-0.23047881132668688,-0.06046323564080592,-0.1596280386596639,-0.09916449115499909,47.66178132381786,47.6554191652646,47.65587368500576,47.646360617174636,0.0,0.0,0.0,0.0,0.0,0.0,-9.4e-322,0.0,0.0,0.0
0.0026874497855734853,-0.07498135309133967,-0.12905701218542756,-0.23564902324045753,-0.05407498321218069,-0.16066831210354152,-0.10659306056403961,47.661120679342964,47.65676216062833,47.65477792825019,47.648041033817066,0.0,0.0,0.0,0.0,0.0,0.0,-9.4e-322,0.0,0.0,0.0
0.0027544333495569217,-0.07322066455101292,-0.12832410922336096,-0.23386157773042343,-0.055102863144396594,-0.16064146551606046,-0.10553837150313942,47.660456209943746,47.658117617195906,47.653633991120195,47.649756411166976,0.0,0.0,0.0,0.0,0.0,0.0,-9.4e-322,0.0,0.0,0.0
0.002821416913540358,-0.066549856046994,-0.12896663801336342,-0.22622402276768871,-0.062416281620460784,-0.15967464195035586,-0.09725816169088787,47.65985732664067,47.65941006461738,47.65255056008661,47.651404084376,0.0,0.0,0.0,0.0,0.0,0.0,-9.4e-322,0.0,0.0,0.0
0.0029531432153313613,-0.043766897807694084,-0.13332230187634514,-0.19950594151780007,-0.08955503179698131,-0.15573939729448857,-0.06618421770438339,47.659067280763566,47.66155097306641,47.65092069944517,47.65414317405139,0.0,0.0,0.0,0.0,0.0,0.0,-9.4e-322,0.0,0.0,0.0
0.0030848695171223645,-0.016163624118819234,-0.13991282746856426,-0.1666377104913462,-0.1237489263677902,-0.15047434945052812,-0.026725313119962187,47.658955339153735,47.66297178048018,47.65026156712103,47.65593606414334,0.0,0.0,0.0,0.0,0.0,0.0,-9.4e-322,0.0,0.0,0.0
0.0032165958189133677,0.008112876756720361,-0.14654161280034753,-0.13732211664217564,-0.15465428347359844,-0.1454351891373792,0.009219176152060329,47.65951828548309,47.6636610908866,47.650637383849656,47.656733817623575,0.0,0.0,0.0,0.0,0.0,0.0,-9.4e-322,0.0,0.0,0.0
0.003308480928305709,0.020213071493469865,-0.15026566906513245,-0.12247014926067315,-0.17047857288515864,-0.1426833800107077,0.027795259441378613,47.66022344890439,47.663796132291786,47.651408115376775,47.65680546561454,0.0,0.0,0.0,0.0,0.0,0.0,-9.4e-322,0.0,0.0,0.0
0.0034003660376980506,0.027367643080491347,-0.15282848129907764,-0.11346256076463858,-0.18019598795560804,-0.14083033342089096,0.039365708695541735,47.661091398652175,47.66374513168154,47.65246551656936,47.65660612947185,0.0,0.0,0.0,0.0,0.0,0.0,-9.4e-322,0.0,0.0,0.0
0.003492251147090392,0.029624883210649565,-0.15409354684561902,-0.1103201600113941,-0.18371831905839592,-0.13994514864804714,0.043773214476846865,47.66203159681084,47.663604407203906,47.653673933965194,47.65626587158398,0.0,0.0,0.0,0.0,0.0,0.0,-9.4e-322,0.0,0.0,0.0
0.0035841362564827334,0.02764412466387969,-0.15411232118205134,-0.11231989932064472,-0.18175635553517774,-0.1399641097617079,0.04179228162648179,47.662962412803026,47.66346195719626,47.65490485954003,47.655906963600536,0.0,0.0,0.0,0.0,0.0,0.0,-9.4e-322,0.0,0.0,0.0
0.003676021365875075,0.02250010720918846,-0.15308483554819374,-0.11822065833505059,-0.17558486927825404,-0.14072083533474614,0.03486406311440198,47.663818752830814,47.663388989588604,47.656050278499436,47.65563137979769,0.0,0.0,0.0,0.0,0.0,0.0,-9.4e-322,0.0,0.0,0.0
0.0037679064752674163,0.01546649990704051,-0.1513097017098519,-0.1265170733707036,-0.16677614183239037,-0.14198363006106846,0.02479253550540414,47.66455750774781,47.66343372892084,47.65703299315949,47.65551122359324,0.0,0.0,0.0,0.0,0.0,0.0,-9.4e-322,0.0,0.0,0.0
0.003940714020116418,0.0014675607243657394,-0.14714224828825256,-0.1433679443504633,-0.1486097684468732,-0.1448355436040355,0.003774240946658676,47.665573456998985,47.66390331056276,47.65831540793278,47.6558195258489,0.0,0.0,0.0,0.0,0.0,0.0,-9.4e-322,0.0,0.0,0.0
0.003959850839975519,8.362435078211627e-5,-0.14668649277345078,-0.14505333715636465,-0.1467700782642305,-0.14513699841621425,0.0016330952746900257,47.66565775097876,47.66398481307011,47.65841245859048,47.65589576936397,0.0,0.0,0.0,0.0,0.0,0.0,-9.4e-322,0.0,0.0,0.0
0.00397898765983462,-0.0012395079542345277,-0.146241168338255,-0.14666839563103454,-0.1450016231578878,-0.14542892303393756,-0.0004272850980256794,47.66573693099537,47.66407170650785,47.65850106285886,47.655979866512205,0.0,0.0,0.0,0.0,0.0,0.0,-9.4e-322,0.0,0.0,0.0
0.003998124479693721,-0.0024972258247988473,-0.14580839895744785,-0.14820703924504317,-0.14331113747177399,-0.14570984729068318,-0.002398695662267834,47.66581134815082,47.6641636265995,47.65858170786663,47.65607134269555,0.0,0.0,0.0,0.0,0.0,0.0,-9.4e-322,0.0,0.0,0.0
0.004017261299552822,-0.0036844454379796774,-0.14539014737401743,-0.14966281043161478,-0.1417056677745235,-0.1459783974398289,-0.004272716103933007,47.665881228753655,47.66426034240219,47.658654693208184,47.65616990249745,0.0,0.0,0.0,0.0,0.0,0.0,-9.4e-322,0.0,0.0,0.0
0.004036398119411923,-0.004797006689268028,-0.14498823728324187,-0.15103029176908606,-0.140191197868917,-0.14623331616179264,-0.006042105301709842,47.665946861640506,47.664361554818846,47.65872042093663,47.65627515362213,0.0,0.0,0.0,0.0,0.0,0.0,-9.4e-322,0.0,0.0,0.0
0.004055534939271024,-0.005831388004407893,-0.14460430803391808,-0.15230484249477377,-0.13877288868043477,-0.14647348426540627,-0.0077005831400538014,47.66600854141781,47.66446695738633,47.65877930926895,47.65638668923993,0.0,0.0,0.0,0.0,0.0,0.0,-9.4e-322,0.0,0.0,0.0
0.004093808578989226,-0.007654620855929834,-0.14389610665665126,-0.1545603232232641,-0.13624145703219737,-0.14690572969077764,-0.010664261238282784,47.666121272085654,47.664689045906,47.6588783532551,47.65662688331485,0.0,0.0,0.0,0.0,0.0,0.0,-9.4e-322,0.0,0.0,0.0
0.0041320822187074285,-0.009138313327983743,-0.1432752292601657,-0.15640705388432766,-0.1341368895320579,-0.14726876563031488,-0.013131865618160666,47.66622195257211,47.66492394664488,47.65895557125561,47.65688686492147,0.0,0.0,0.0,0.0,0.0,0.0,-9.4e-322,0.0,0.0,0.0
0.004170355858425631,-0.010276137624146179,-0.14274856882288903,-0.1578344254057957,-0.13247240697205592,-0.14755831079135942,-0.015085894202000532,47.666313179912805,47.66516891073166,47.65901491268227,47.65716283381158,0.0,0.0,0.0,0.0,0.0,0.0,-9.4e-322,0.0,0.0,0.0
0.004208629498143833,-0.011070576201203683,-0.14232027807360015,-0.15884267002863536,-0.13124967964021544,-0.14777211494282547,-0.01652242647706941,47.666397545678585,47.6654211781812,47.65906041532675,47.657450918555014,0.0,0.0,0.0,0.0,0.0,0.0,-9.4e-322,0.0,0.0,0.0
0.004246903137862035,-0.011532107914322142,-0.14199188314542596,-0.15944194881880835,-0.13045975482922753,-0.14790986028151692,-0.01745009735332804,47.66647757538763,47.66567804384762,47.659096104025295,47.65774727256158,0.0,0.0,0.0,0.0,0.0,0.0,-9.4e-322,0.0,0.0,0.0
0.004358245853180482,-0.011166801698641527,-0.14158702693712666,-0.15906497675175318,-0.1304202093487916,-0.14789819014461955,-0.017477974488075285,47.66670719413078,47.66642827477951,47.659179408393726,47.65862284583929,0.0,0.0,0.0,0.0,0.0,0.0,-9.4e-322,0.0,0.0,0.0
0.004469588568498929,-0.008834837408149438,-0.1418893011796499,-0.15620368353829076,-0.1330544513961421,-0.14736885788374984,-0.014314401574883276,47.666969260264366,47.667142273149835,47.659296253019185,47.65945782496726,0.0,0.0,0.0,0.0,0.0,0.0,-9.4e-322,0.0,0.0,0.0
0.004580931283817377,-0.005418818678122986,-0.1426744786310572,-0.1519195473898509,-0.1372556503146127,-0.14650073786560547,-0.009245083724679857,47.66729557151162,47.66778453537657,47.65950584882679,47.660196768385845,0.0,0.0,0.0,0.0,0.0,0.0,-9.4e-322,0.0,0.0,0.0
0.004692273999135824,-0.0017958257442492198,-0.14367729922746972,-0.1472937127908484,-0.1418814659766195,-0.14549789417585912,-0.0036164252191606752,47.667698221089175,47.6683405239888,47.65983673111468,47.66081368337146,0.0,0.0,0.0,0.0,0.0,0.0,-9.4e-322,0.0,0.0,0.0
0.004781247317595477,0.0007593708231250527,-0.14446518239407766,-0.14396794544301836,-0.14522454706953922,-0.1447273221045393,0.0004972274057596214,47.66807178410953,47.66872512757548,47.66018884887496,47.661219224448,0.0,0.0,0.0,0.0,0.0,0.0,-9.4e-322,0.0,0.0,0.0
0.004870220636055129,0.0027397769070252654,-0.1451298623129225,-0.1413259075921032,-0.1478696341852322,-0.14406568928052524,0.0038039469036370106,47.668482437712406,47.66906570278958,47.660607725397675,47.661558264139494,0.0,0.0,0.0,0.0,0.0,0.0,-9.4e-322,0.0,0.0,0.0
0.004959193954514782,0.004016299777726379,-0.14560192147763204,-0.13954574924213192,-0.1496182171321579,-0.14356205293562047,0.006056165833563099,47.6689184131355,47.6693745388131,47.66107603727442,47.66184766527124,0.0,0.0,0.0,0.0,0.0,0.0,-9.4e-322,0.0,0.0,0.0
0.005048167272974435,0.004566322770682429,-0.14584648485412638,-0.13867258580081857,-0.1504128042480757,-0.1432389117783491,0.007173893810393041,47.669367126518694,47.669665002835465,47.66157386175205,47.66210662094422,0.0,0.0,0.0,0.0,0.0,0.0,-9.4e-322,0.0,0.0,0.0
0.005137140591434088,0.004461490512155802,-0.14586235910623194,-0.13863173379140753,-0.15032384685298325,-0.14309322692985693,0.007230621021068249,47.66981654255607,47.66995006502084,47.662080988802664,47.66235445221033,0.0,0.0,0.0,0.0,0.0,0.0,-9.4e-322,0.0,0.0,0.0
0.005249269703800148,0.0036095504405364996,-0.14559852980206536,-0.13951561286177652,-0.14920807809264094,-0.14312516534419292,0.00608291360199686,47.67036870752913,47.67031826803869,47.66270624165655,47.66267667169137,0.0,0.0,0.0,0.0,0.0,0.0,-9.4e-322,0.0,0.0,0.0
0.005361398816166209,0.002284661507776702,-0.1451088275036646,-0.1410388634308473,-0.14739348733997423,-0.14332352652616803,0.004069961477320981,47.67089267915268,47.67071028096515,47.66329204605306,47.663032482572305,0.0,0.0,0.0,0.0,0.0,0.0,-9.4e-322,0.0,0.0,0.0
0.00547352792853227,0.0008420102996688027,-0.14450939815364466,-0.14275461011059307,-0.1453514071538559,-0.14359662164461068,0.0017547860249867815,47.67138274060063,47.671132931027074,47.66382475702809,47.6634344615607,0.0,0.0,0.0,0.0,0.0,0.0,-9.4e-322,0.0,0.0,0.0
0.005585657040898331,-0.0004224659557882086,-0.1439127931337268,-0.1442801070550425,-0.14349032616769136,-0.14385764205897406,-0.000367315490397208,47.671840377444084,47.671585258471595,47.66430314486147,47.66388334527614,0.0,0.0,0.0,0.0,0.0,0.0,-9.4e-322,0.0,0.0,0.0
0.005678501353436595,-0.0011923448224957437,-0.14348521703125777,-0.14520851860780198,-0.1422928713885803,-0.1440161745645169,-0.0017233028505163122,47.67219947873677,47.67197753936438,47.6646641118908,47.66428457820936,0.0,0.0,0.0,0.0,0.0,0.0,-9.4e-322,0.0,0.0,0.0
0.005771345665974859,-0.0016547678125876312,-0.14315263283564147,-0.14575198683224921,-0.1414978643571692,-0.14409721965228886,-0.00259935503092809,47.67254623725801,47.67238004264503,47.66500182071773,47.66470425890242,0.0,0.0,0.0,0.0,0.0,0.0,-9.4e-322,0.0,0.0,0.0
0.0058641899785131235,-0.001810400100373186,-0.14292876471590946,-0.14590232340849538,-0.14111836407492342,-0.1440919238217257,-0.002973559532309118,47.67288637315976,47.672786687943855,47.66532578371873,47.66513325626082,0.0,0.0,0.0,0.0,0.0,0.0,-9.4e-322,0.0,0.0,0.0
0.005957034291051388,-0.0016985387452373296,-0.14281118066159226,-0.14570245013395058,-0.1411126414774426,-0.1440039118056813,-0.0028912701540877855,47.67322506979197,47.67319188737656,47.665645164931995,47.66556283547704,0.0,0.0,0.0,0.0,0.0,0.0,-9.4e-322,0.0,0.0,0.0
0.006049878603589652,-0.0013865394113762872,-0.1427839377737488,-0.1452336224447289,-0.14139739800602805,-0.14384708337186514,-0.002449685224436955,47.673566477269254,47.673591096002475,47.66596781046156,47.66598557378063,0.0,0.0,0.0,0.0,0.0,0.0,-9.4e-322,0.0,0.0,0.0
0.0061622908718319,-0.0008550810507433693,-0.14283645693450148,-0.14444934358143943,-0.14198137560688578,-0.14359426279368234,-0.0016128870769088815,47.673987311361756,47.67406211645206,47.666370821117994,47.666480768645535,0.0,0.0,0.0,0.0,0.0,0.0,-9.4e-322,0.0,0.0,0.0
0.006274703140074148,-0.00028754363257003256,-0.14293429635610314,-0.14359880183505921,-0.14264675250840644,-0.14331125840678519,-0.0006645058129654875,47.67441811334717,47.67451748786614,47.66679218647968,47.66695334714182,0.0,0.0,0.0,0.0,0.0,0.0,-9.4e-322,0.0,0.0,0.0
0.006387115408316396,0.00020180432544722332,-0.14302920918939807,-0.1428342058744637,-0.14323101334769445,-0.1430360103586165,0.00019500305546754502,47.6748581395404,47.67495779495574,47.667232209853985,47.66740322963894,0.0,0.0,0.0,0.0,0.0,0.0,-9.4e-322,0.0,0.0,0.0
0.006499527676558644,0.0005396045262091655,-0.1430836964819666,-0.14225774695865775,-0.14362330087830832,-0.14279735160818216,0.0008259493216997409,47.67530461911701,47.6753858679588,47.6676871787606,47.66783413449914,0.0,0.0,0.0,0.0,0.0,0.0,-9.4e-322,0.0,0.0,0.0
0.006611939944800892,0.0006980364648601457,-0.14307591480912066,-0.1419133561761606,-0.14377395117307562,-0.1426113927368273,0.0011625584763167193,47.67575376797949,47.67580571241288,47.668150983268966,47.66825201384153,0.0,0.0,0.0,0.0,0.0,0.0,-9.4e-322,0.0,0.0,0.0
0.0067856180163876345,0.0006252110121403949,-0.14293243969253988,-0.14180675954230104,-0.14355765063636625,-0.14243197061928334,0.0011256800441960862,47.67644432505057,47.6764475422725,47.668869502903355,47.668886893173514,0.0,0.0,0.0,0.0,0.0,0.0,-9.4e-322,0.0,0.0,0.0
0.006912167369926527,0.00041599475688058185,-0.14274857387428214,-0.141948906467585,-0.14316456857975424,-0.14236490127331203,0.0007996673268526976,47.67693933721964,47.67691615828199,47.66938356839612,47.66935173280084,0.0,0.0,0.0,0.0,0.0,0.0,-9.4e-322,0.0,0.0,0.0
0.00703871672346542,0.00016469475135790144,-0.14253051960095367,-0.14215981900066862,-0.14269521431364998,-0.14232451378887498,0.00037070054013255854,47.67742532395445,47.67738810240438,47.66988451475803,47.66982329324799,0.0,0.0,0.0,0.0,0.0,0.0,-9.4e-322,0.0,0.0,0.0
0.007061185770795129,0.0001216652725138536,-0.14249086751974846,-0.14219634280761365,-0.14261253275550378,-0.14231800811516704,0.00029452465493786365,47.677510671218506,47.677472257325,47.66997199697239,47.66990780209216,0.0,0.0,0.0,0.0,0.0,0.0,-9.4e-322,0.0,0.0,0.0
0.007083654818124839,7.97479037187022e-5,-0.14245125044230356,-0.14223170119657846,-0.1425309983110713,-0.14231144913361252,0.00021954919134138182,47.67759574468114,47.677556512374345,47.670059046225134,47.6699925388634,0.0,0.0,0.0,0.0,0.0,0.0,-9.4e-322,0.0,0.0,0.0
0.007106123865454548,3.931638117892409e-5,-0.14241183177462022,-0.1422653895881059,-0.1424511481225675,-0.1423047060009618,0.00014644213480617248,47.67768054518347,47.677640867658624,47.67014565847344,47.67007750704868,0.0,0.0,0.0,0.0,0.0,0.0,-9.4e-322,0.0,0.0,0.0
0.0071285929127842575,6.293427191935691e-7,-0.14237275246003753,-0.14229703827969628,-0.14237338177115952,-0.14229766765253427,7.571413117621274e-5,47.677765081254265,47.67772531484571,47.670231844653095,47.67016269590013,0.0,0.0,0.0,0.0,0.0,0.0,-9.4e-322,0.0,0.0,0.0
0.007173531007443677,-7.061459392170259e-5,-0.14229612155469634,-0.14235292024584867,-0.1422255069322091,-0.1422823056791558,-5.679873560267682e-5,47.67793339679092,47.67789444854956,47.67040298950793,47.67033368612971,0.0,0.0,0.0,0.0,0.0,0.0,-9.4e-322,0.0,0.0,0.0
0.007218469102103097,-0.00013242787645514897,-0.14222229295270836,-0.1423970616994358,-0.14208986505042856,-0.14226463384759686,-0.00017476878692152578,47.67810077136373,47.67806383307337,47.67057259783742,47.67050539592586,0.0,0.0,0.0,0.0,0.0,0.0,-9.4e-322,0.0,0.0,0.0
0.007263407196762516,-0.00018373187838141426,-0.14215202545086536,-0.14242780050079165,-0.14196829354913726,-0.14224406864466443,-0.00027577508627612635,47.67826729634571,47.678233374913106,47.67074081440987,47.6706776857382,0.0,0.0,0.0,0.0,0.0,0.0,-9.4e-322,0.0,0.0,0.0
0.007308345291421936,-0.00022389958302167895,-0.14208589672497485,-0.1424440744447798,-0.14186199712084668,-0.14222017488187694,-0.000358177752678985,47.67843306961353,47.678402972644335,47.670907802946495,47.6708503984932,0.0,0.0,0.0,0.0,0.0,0.0,-9.4e-322,0.0,0.0,0.0
0.007461386811076439,-0.0002772393628473038,-0.1418956869363206,-0.14238831123795875,-0.14161844755850422,-0.14211107188938002,-0.0004926243249600306,47.67899331308658,47.67897958454272,47.671469646203306,47.67143951390416,0.0,0.0,0.0,0.0,0.0,0.0,-9.4e-322,0.0,0.0,0.0
0.007614428330730942,-0.00022323686815926835,-0.14175791650491648,-0.14218459882165874,-0.14153467962614347,-0.14196136196361653,-0.0004266823332672402,47.67954961194046,47.67955178725847,47.67202611390449,47.67202511252739,0.0,0.0,0.0,0.0,0.0,0.0,-9.4e-322,0.0,0.0,0.0
0.007741920903222276,-0.00013328641952678653,-0.14167160736954917,-0.14194895677888408,-0.14153832094204605,-0.14181567036695383,-0.0002773494217610245,47.68001186815121,47.680023103529166,47.672489483761844,47.67250661157953,0.0,0.0,0.0,0.0,0.0,0.0,-9.4e-322,0.0,0.0,0.0
0.00786941347571361,-3.553100433012265e-5,-0.141597220768766,-0.14169801592418482,-0.141561689758435,-0.1416624849255533,-0.0001007951647765764,47.68047363355966,47.68048889942111,47.67295425596089,47.67298091619491,0.0,0.0,0.0,0.0,0.0,0.0,-9.4e-322,0.0,0.0,0.0
0.007996906048204943,4.4715651270613246e-5,-0.1415217913567595,-0.14146761413017253,-0.1415665070035201,-0.1415123297857215,5.4177219553408406e-5,47.680934693567416,47.680949386454174,47.67342045748528,47.67344807892387,0.0,0.0,0.0,0.0,0.0,0.0,-9.4e-322,0.0,0.0,0.0
0.008124398620696277,9.346576473955398e-5,-0.14143633694121163,-0.1412788780231702,-0.14152980270255977,-0.14137234379112135,0.00015745891274887973,47.68139442205146,47.68140524058817,47.67388715993423,47.67390905430437,0.0,0.0,0.0,0.0,0.0,0.0,-9.4e-322,0.0,0.0,0.0
0.00825189119318761,0.00010766749382347949,-0.1413364122678096,-0.14113820612479852,-0.14144407975908468,-0.14124587362103402,0.00019820613903317997,47.681851967918575,47.68185740215611,47.67435282798739,47.67436536356213,0.0,0.0,0.0,0.0,0.0,0.0,-9.4e-322,0.0,0.0,0.0
0.008448574485578569,7.601505209928972e-5,-0.14115517268510194,-0.1409995680410391,-0.14123118773556623,-0.14107558309469098,0.00015560464151324408,47.68255186544609,47.682549624701075,47.67506576955496,47.675063516184046,0.0,0.0,0.0,0.0,0.0,0.0,-9.4e-322,0.0,0.0,0.0
0.00860218119267658,3.108321448870262e-5,-0.14099987808981207,-0.1409245521425177,-0.14103096130314788,-0.1409556353581103,7.532594550054308e-5,47.683092453727696,47.68308693560997,47.6756156296305,47.675606159034494,0.0,0.0,0.0,0.0,0.0,0.0,-9.4e-322,0.0,0.0,0.0
0.008755787899774591,-1.1032053285369849e-5,-0.14084251671404674,-0.14084979990950786,-0.14083148465995177,-0.14083876785701002,-7.2831967147805965e-6,47.68362760531219,47.6836216318403,47.676158704631646,47.67614722778949,0.0,0.0,0.0,0.0,0.0,0.0,-9.4e-322,0.0,0.0,0.0
0.008909394606872602,-3.643812239984085e-5,-0.1406916324122449,-0.14075444167464124,-0.14065519428927284,-0.14071800355279934,-6.280926328156838e-5,47.68415770839696,47.684153393592375,47.67669544209722,47.67668632884559,0.0,0.0,0.0,0.0,0.0,0.0,-9.4e-322,0.0,0.0,0.0
0.009063001313970613,-4.210311301355997e-5,-0.1405510301355069,-0.1406324664991292,-0.14050892702209294,-0.1405903633865138,-8.143636423771955e-5,47.68468337893874,47.68468163228359,47.67722693404255,47.677222464558206,0.0,0.0,0.0,0.0,0.0,0.0,-9.4e-322,0.0,0.0,0.0
0.009216608021068624,-3.217310582660481e-5,-0.14042047880364308,-0.14048838741099787,-0.14038830569753127,-0.1404562143054514,-6.790860779460634e-5,47.685205183035485,47.685205795533236,47.677754325888785,47.67775459724737,0.0,0.0,0.0,0.0,0.0,0.0,-9.4e-322,0.0,0.0,0.0
0.009416627037370322,-8.937350347716029e-6,-0.14026033938594162,-0.14028522888326053,-0.14025140203541073,-0.1402762915330903,-2.4889497602568588e-5,47.685879426314415,47.68588168757043,47.67843624778283,47.678440357417955,0.0,0.0,0.0,0.0,0.0,0.0,-9.4e-322,0.0,0.0,0.0
0.009616646053672021,1.0054781712417242e-5,-0.14010278387561464,-0.1400875689995362,-0.14011283865721075,-0.14009762378136228,1.5214875898775802e-5,47.68654790744744,47.686549990778154,47.67911327086318,47.67911763365501,0.0,0.0,0.0,0.0,0.0,0.0,-9.4e-322,0.0,0.0,0.0
0.00981666506997372,1.642836557756933e-5,-0.13994140106799785,-0.13990900239281004,-0.13995782943348273,-0.13992543075844616,3.239867507816626e-5,47.68721029466873,47.68721117584949,47.679784853824664,47.679787092746864,0.0,0.0,0.0,0.0,0.0,0.0,-9.4e-322,0.0,0.0,0.0
0.010016684086275419,1.1732119581942678e-5,-0.13977501602130923,-0.13974876667390304,-0.1397867481408022,-0.13976049879350058,2.6249347346073584e-5,47.68786615876209,47.687865840006644,47.68045004435289,47.680449780271424,0.0,0.0,0.0,0.0,0.0,0.0,-9.4e-322,0.0,0.0,0.0
0.010216703102577118,2.697019444067959e-6,-0.13960635629665294,-0.13959768976562895,-0.13960905331608617,-0.1396003867851195,8.666530975988055e-6,47.68851526848098,47.6885143796669,47.681108164457115,47.68110646694051,0.0,0.0,0.0,0.0,0.0,0.0,-9.4e-322,0.0,0.0,0.0
0.010416722118878816,-4.2676287090959e-6,-0.13943920998950823,-0.13944611413397798,-0.13943494236083503,-0.13944184650533192,-6.904144510623641e-6,47.68915766764622,47.68915689464459,47.68175909400092,47.68175738404572,0.0,0.0,0.0,0.0,0.0,0.0,-9.4e-322,0.0,0.0,0.0
0.010616741135180515,-6.308354555798375e-6,-0.13927604601185076,-0.13928911583757056,-0.13926973765734438,-0.13928280748307514,-1.3069825753130417e-5,47.689793579356746,47.68979328280407,47.68240315973681,47.68240233604159,0.0,0.0,0.0,0.0,0.0,0.0,-9.4e-322,0.0,0.0,0.0
0.010816760151482214,-4.254363499598018e-6,-0.1391171833421135,-0.13912729044733912,-0.13911292897864655,-0.13912303608387838,-1.0107105248085275e-5,47.6904232524814,47.690423404092364,47.68304083115516,47.6830409945358,0.0,0.0,0.0,0.0,0.0,0.0,-9.4e-322,0.0,0.0,0.0
0.01115452919464372,1.6553913321387302e-6,-0.13885535841981883,-0.13885276110844566,-0.13885701381114862,-0.13885441649978192,2.5973113665476437e-6,47.69147282482839,47.69147314610733,47.68410399120421,47.68410473183611,0.0,0.0,0.0,0.0,0.0,0.0,-9.4e-322,0.0,0.0,0.0
0.01142628413739493,2.052980177404578e-6,-0.1386460234816247,-0.13864112581198118,-0.13864807646181612,-0.13864317879218524,4.897669616548589e-6,47.692304853601364,47.692304857829846,47.68494713808565,47.68494723825237,0.0,0.0,0.0,0.0,0.0,0.0,-9.4e-322,0.0,0.0,0.0
0.011698039080146142,-4.963633750905415e-7,-0.138437107403565,-0.13843727813358206,-0.1384366110402108,-0.13843678177025923,-1.7073008032149746e-7,47.693125718681856,47.69312553622863,47.685778978037845,47.685778568283126,0.0,0.0,0.0,0.0,0.0,0.0,-9.4e-322,0.0,0.0,0.0
0.011969794022897353,-1.5952784023927406e-6,-0.13823090465024943,-0.1382347411783752,-0.13822930937184066,-0.13823314589997288,-3.8365281394477655e-6,47.693935450933125,47.69393546653315,47.68659929185005,47.686599221292504,0.0,0.0,0.0,0.0,0.0,0.0,-9.4e-322,0.0,0.0,0.0
0.012241548965648564,2.4940463192550215e-7,-0.13802958962275,-0.13803013974906533,-0.1380298390273679,-0.1380303891536659,-5.501262863444094e-7,47.69473440094286,47.6947345793163,47.68740860810003,47.68740897483846,0.0,0.0,0.0,0.0,0.0,0.0,-9.4e-322,0.0,0.0,0.0
0.012513303908399775,2.1064799292700176e-6,-0.1378319180700867,-0.13782743733645558,-0.1378340245500179,-0.1378295438163775,4.480733651390533e-6,47.69552283437534,47.69552288052219,47.68820742211024,47.68820764207495,0.0,0.0,0.0,0.0,0.0,0.0,-9.4e-322,0.0,0.0,0.0
0.012801474706591742,3.278046022842736e-7,-0.13762298445351745,-0.13762106026995796,-0.13762331225812766,-0.13762138807457658,1.9241835481765786e-6,47.696347447117645,47.69634726356923,47.68904305854287,47.689042724781324,0.0,0.0,0.0,0.0,0.0,0.0,-9.4e-322,0.0,0.0,0.0
0.013089645504783708,-2.1185658807144675e-6,-0.1374155401541528,-0.13741953329336698,-0.1374134215882813,-0.13741741472751998,-3.99313926402288e-6,47.69716026189483,47.697160135469694,47.68986662488357,47.689866246136866,0.0,0.0,0.0,0.0,0.0,0.0,-9.4e-322,0.0,0.0,0.0
0.013377816302975675,-1.0267770785954507e-6,-0.13721260347134126,-0.13721598754837827,-0.13721157669425574,-0.13721496077129008,-3.3840770374320604e-6,47.697961479032685,47.69796163489881,47.690678211171004,47.69067844074579,0.0,0.0,0.0,0.0,0.0,0.0,-9.4e-322,0.0,0.0,0.0
0.013665987101167641,1.6439731893255922e-6,-0.13701455029304235,-0.13701201140556205,-0.1370161942662179,-0.13701365537871418,2.538887524701107e-6,47.69875149480245,47.69875166876753,47.69147851554622,47.69147896102336,0.0,0.0,0.0,0.0,0.0,0.0,-9.4e-322,0.0,0.0,0.0
0.013954157899359608,1.6478779103356542e-6,-0.13681859118940512,-0.13681416755587522,-0.1368202390673232,-0.13681581543379417,4.42363353454203e-6,47.69953047423997,47.69953038006966,47.69226787179972,47.692267810343836,0.0,0.0,0.0,0.0,0.0,0.0,-9.4e-322,0.0,0.0,0.0
0.014268692876796761,-1.0225474461627327e-6,-0.13660544073078104,-0.13660616317151889,-0.1366044181833506,-0.1366051406241054,-7.224407637072698e-7,47.70036807096927,47.700367852430595,47.693116651493675,47.69311616441794,0.0,0.0,0.0,0.0,0.0,0.0,-9.4e-322,0.0,0.0,0.0
0.014583227854233915,-2.277620321386952e-6,-0.1363951142210905,-0.13640038321815656,-0.1363928366007711,-0.13639810559784019,-5.268997067141637e-6,47.70119258195744,47.70119259030906,47.693951956809464,47.69395180161294,0.0,0.0,0.0,0.0,0.0,0.0,-9.4e-322,0.0,0.0,0.0
0.014897762831671069,-4.65214315270015e-7,-0.1361899948978336,-0.13619304369227667,-0.13618952968351178,-0.13619257847794894,-3.0487944315547716e-6,47.702004367215906,47.702004625880384,47.69477423458105,47.694774684695595,0.0,0.0,0.0,0.0,0.0,0.0,-9.4e-322,0.0,0.0,0.0
0.015212297809108223,2.1970984693777445e-6,-0.13598994430428973,-0.13598639087910785,-0.1359921414027547,-0.13598858797756866,3.5534251865781832e-6,47.70280378506823,47.70280397556819,47.69558409256202,47.69558462075447,0.0,0.0,0.0,0.0,0.0,0.0,-9.4e-322,0.0,0.0,0.0
0.015526832786545377,1.6761035733513246e-6,-0.13579186800420143,-0.13578702087672903,-0.13579354410777406,-0.13578869698030013,4.84712747538372e-6,47.703590985032754,47.703590867387746,47.6963818135071,47.69638172755272,0.0,0.0,0.0,0.0,0.0,0.0,-9.4e-322,0.0,0.0,0.0
0.01584136776398253,-1.1318248037408218e-6,-0.13559457883474063,-0.13559497346047014,-0.1355934470099418,-0.13559384163567664,-3.946257317001361e-7,47.70436596485701,47.70436569970995,47.697167179895956,47.697166592565566,0.0,0.0,0.0,0.0,0.0,0.0,-9.4e-322,0.0,0.0,0.0
0.016155902741419682,-2.85486306496633e-6,-0.13539943135056648,-0.13540562782856783,-0.1353965764875065,-0.13540277296551662,-6.19647800845476e-6,47.70512881765123,47.705128770258106,47.697940049212654,47.69793972126983,0.0,0.0,0.0,0.0,0.0,0.0,-9.4e-322,0.0,0.0,0.0
0.01654312492435117,-7.425838008455727e-8,-0.13516621748174343,-0.13516916952787983,-0.1351661432233601,-0.13516909526949797,-2.952046138718895e-6,47.706051779305994,47.706052098263406,47.69887486514402,47.698875448939354,0.0,0.0,0.0,0.0,0.0,0.0,-9.4e-322,0.0,0.0,0.0
0.01693034710728266,3.5493097606415977e-6,-0.13494066394201892,-0.1349334894327568,-0.13494421325177217,-0.1349370387425007,7.174509270555178e-6,47.70695751981616,47.70695763690878,47.699792446049365,47.6997929723792,0.0,0.0,0.0,0.0,0.0,0.0,-9.4e-322,0.0,0.0,0.0
0.017238864167268247,8.266261173723722e-7,-0.134761097646294,-0.13475698222414534,-0.13476192427240816,-0.13475780885025454,4.115422153066787e-6,47.7076669450602,47.70766671029282,47.7005114900651,47.70051113133607,0.0,0.0,0.0,0.0,0.0,0.0,-9.4e-322,0.0,0.0,0.0
0.017547381227253835,-1.8859912870446722e-6,-0.13458199551814698,-0.134585146068533,-0.13458010952685273,-0.1345832600772374,-3.150550378349367e-6,47.70836541994577,47.708365285368586,47.70121924683843,47.7012188176416,0.0,0.0,0.0,0.0,0.0,0.0,-9.4e-322,0.0,0.0,0.0
0.017855898287239422,-8.402243426853204e-7,-0.13440754302573202,-0.13441052803967474,-0.13440670280137512,-0.13440968781531892,-2.985013927710101e-6,47.70905326948398,47.70905336261466,47.70191599353947,47.70191608170648,0.0,0.0,0.0,0.0,0.0,0.0,-9.4e-322,0.0,0.0,0.0
0.01816441534722501,7.412023908901384e-7,-0.13423740931243996,-0.1342365263587435,-0.1342381505148345,-0.1342372675611351,8.829537027615872e-7,47.70973082492186,47.70973090928275,47.702602381050674,47.70260261785901,0.0,0.0,0.0,0.0,0.0,0.0,-9.4e-322,0.0,0.0,0.0
0.018472932407210596,5.433531005966963e-7,-0.13406916062503324,-0.1340674999310549,-0.13406970397816032,-0.13406804328416616,1.6606940196510372e-6,47.71039817491134,47.71039814881546,47.70327857233895,47.70327858551618,0.0,0.0,0.0,0.0,0.0,0.0,-9.4e-322,0.0,0.0,0.0
0.018830563356347623,-2.3784104898431074e-7,-0.13387638103118313,-0.1338761399157522,-0.13387614319016522,-0.13387590207471234,2.4111550324169526e-7,47.711159096229125,47.71115902447551,47.70404957291702,47.704049414427985,0.0,0.0,0.0,0.0,0.0,0.0,-9.4e-322,0.0,0.0,0.0
0.01918819430548465,-4.4059057733846725e-7,-0.1336870392041185,-0.1336875201316671,-0.13368659861354,-0.1336870795410869,-4.809275356104015e-7,47.711906658244914,47.711906603822506,47.704806972846534,47.70480682970007,0.0,0.0,0.0,0.0,0.0,0.0,-9.4e-322,0.0,0.0,0.0
0.019545825254621677,-6.105915200618632e-7,-0.13350091181352453,-0.13350226264832077,-0.13350030122199869,-0.13350165205679737,-1.3508347994163874e-6,47.71264110877436,47.7126411033033,47.70555107688041,47.70555100275147,0.0,0.0,0.0,0.0,0.0,0.0,-9.4e-322,0.0,0.0,0.0
0.019903456203758704,1.1458383769449683e-7,-0.13331851687339125,-0.13331895874546215,-0.13331863145722975,-0.1333190733292995,-4.418720653569034e-7,47.7133626865659,47.71336274515361,47.70628208451534,47.7062821967635,0.0,0.0,0.0,0.0,0.0,0.0,-9.4e-322,0.0,0.0,0.0
0.020398404086753884,6.813569121565028e-7,-0.13307218137591,-0.1330702233420688,-0.1330728627328207,-0.1330709046989778,1.9580338557308736e-6,47.71434060303507,47.71434056906598,47.70727286418657,47.707272893683644,0.0,0.0,0.0,0.0,0.0,0.0,-9.4e-322,0.0,0.0,0.0
0.020893351969749063,-6.750887379723801e-7,-0.1328301391863872,-0.13283084670505155,-0.13282946409764917,-0.13283017161631336,-7.075186630238339e-7,47.715294857200576,47.715294794573815,47.708239771794695,47.70823958905881,0.0,0.0,0.0,0.0,0.0,0.0,-9.4e-322,0.0,0.0,0.0
0.021388299852744243,-2.70837582244467e-7,-0.13259405386149023,-0.13259547274834235,-0.13259378302390146,-0.1325952019107499,-1.4188868508533245e-6,47.71622598318435,47.71622604392862,47.70918308616755,47.709183146150856,0.0,0.0,0.0,0.0,0.0,0.0,-9.4e-322,0.0,0.0,0.0
0.021883247735739422,7.066353342494518e-7,-0.13236515566488632,-0.13236388565953197,-0.13236586230020328,-0.13236459229484593,1.2700053509103587e-6,47.71713468757111,47.71713471190951,47.710103691504976,47.71010382231184,0.0,0.0,0.0,0.0,0.0,0.0,-9.4e-322,0.0,0.0,0.0
0.022378195618734602,-1.1035870263807261e-7,-0.132140981661036,-0.1321403442197786,-0.13214087130232993,-0.13214023386107934,6.374412521902162e-7,47.718021457383905,47.71802139386082,47.7110022124883,47.71100209961065,0.0,0.0,0.0,0.0,0.0,0.0,-9.4e-322,0.0,0.0,0.0
0.02287314350172978,-5.49166224976979e-7,-0.13192129497342095,-0.13192269258944983,-0.13192074580720936,-0.13192214342323721,-1.3976160238472254e-6,47.718886723476636,47.718886733425,47.71187887475678,47.711878814044155,0.0,0.0,0.0,0.0,0.0,0.0,-9.4e-322,0.0,0.0,0.0
0.02336809138472496,3.5950231074075427e-7,-0.13170806430771045,-0.13170796506648194,-0.13170842381001574,-0.1317083245687818,9.924123016904374e-8,47.71973110028881,47.71973114964678,47.71273428437901,47.71273441049647,0.0,0.0,0.0,0.0,0.0,0.0,-9.4e-322,0.0,0.0,0.0
0.02403755668577707,2.1810752522771182e-7,-0.13142788528959584,-0.13142695213589412,-0.1314281033971101,-0.13142717024340828,9.331536982859196e-7,47.72084099400053,47.72084096536026,47.713858814843285,47.71385880269255,0.0,0.0,0.0,0.0,0.0,0.0,-9.4e-322,0.0,0.0,0.0
0.024707021986829177,-3.2415993248763446e-7,-0.13115584675171948,-0.1311563617364596,-0.13115552259160682,-0.13115603757634448,-5.149847557684897e-7,47.72191472157215,47.72191470617638,47.71494670726776,47.71494663913286,0.0,0.0,0.0,0.0,0.0,0.0,-9.4e-322,0.0,0.0,0.0
0.025376487287881284,1.8132016981006426e-8,-0.13089307012602167,-0.1308933662152782,-0.13089308825786622,-0.13089338434711975,-2.960892814356051e-7,47.72295349285526,47.72295351620555,47.715999110095645,47.71599915057981,0.0,0.0,0.0,0.0,0.0,0.0,-9.4e-322,0.0,0.0,0.0
0.02636710947338078,1.4364708420964775e-7,-0.13052022777763442,-0.13051975568462187,-0.13052037142476663,-0.1305198993317539,4.720930047039002e-7,47.724429082062265,47.72442907332436,47.71749411740119,47.71749412303696,0.0,0.0,0.0,0.0,0.0,0.0,-9.4e-322,0.0,0.0,0.0
0.027357731658880273,-1.5411057992152894e-7,-0.1301646341306849,-0.1301649173543517,-0.13016448002010397,-0.13016476324377024,-2.8322366110791185e-7,47.72583414249982,47.72583413643374,47.71891768720693,47.71891765547808,0.0,0.0,0.0,0.0,0.0,0.0,-9.4e-322,0.0,0.0,0.0
0.028348353844379767,6.299269656652062e-8,-0.12982629338139623,-0.12982631254795413,-0.1298263563740935,-0.12982637554065057,-1.9166550911287025e-8,47.72717205479402,47.72717206640073,47.720273181913825,47.720273210190314,0.0,0.0,0.0,0.0,0.0,0.0,-9.4e-322,0.0,0.0,0.0
0.02990127660857868,5.3768963181564035e-9,-0.1293280882027106,-0.12932792843275157,-0.1293280935796057,-0.12932793380964647,1.597699595831607e-7,47.72914247434961,47.729142464621546,47.72226954089063,47.72226952555594,0.0,0.0,0.0,0.0,0.0,0.0,-9.4e-322,0.0,0.0,0.0
0.031454199372777596,-5.298235294301988e-8,-0.12886642368703297,-0.12886663678112126,-0.12886637070466578,-0.12886658379877164,-2.130941163769364e-7,47.73096724792547,47.730967253339664,47.724118324779106,47.72411832589598,0.0,0.0,0.0,0.0,0.0,0.0,-9.4e-322,0.0,0.0,0.0
0.033007122136976506,7.131065676253375e-8,-0.1284391802987298,-0.12843899463964267,-0.12843925160938402,-0.12843906595030866,1.8565906371278333e-7,47.732657167018935,47.73265716637369,47.725830472821315,47.72583048241606,0.0,0.0,0.0,0.0,0.0,0.0,-9.4e-322,0.0,0.0,0.0
0.03501524304537419,9.732378911587104e-8,-0.1279325690339799,-0.12793283262945265,-0.12793266635773715,-0.1279329299532453,-2.6359552472170825e-7,47.73465932494955,47.73465935674851,47.727858963440994,47.727859029189574,0.0,0.0,0.0,0.0,0.0,0.0,-9.4e-322,0.0,0.0,0.0
0.03702336395377188,1.856701572624821e-7,-0.12747481357522367,-0.12747355150042136,-0.1274749992454016,-0.12747373717059834,1.2620747874546927e-6,47.73647233796583,47.73647228708737,47.72969585195372,47.72969579864293,0.0,0.0,0.0,0.0,0.0,0.0,-9.4e-322,0.0,0.0,0.0
0.0385257879157974,-3.9485789089415874e-7,-0.1271599100335679,-0.1271603024704903,-0.1271595151757173,-0.12715990761261392,-3.924368969903296e-7,47.73771522546952,47.73771518877236,47.73095513633397,47.73095501625245,0.0,0.0,0.0,0.0,0.0,0.0,-9.4e-322,0.0,0.0,0.0
0.0387308333681283,-3.892982785034994e-7,-0.1271185444893155,-0.12711944482613574,-0.12711815519106212,-0.12711905552786582,-9.003368033180896e-7,47.73787770432572,47.737877700247665,47.73111974225649,47.73111967548058,0.0,0.0,0.0,0.0,0.0,0.0,-9.4e-322,0.0,0.0,0.0
0.038935878820459194,-1.8941473928039468e-7,-0.12707781760063705,-0.12707860702782062,-0.1270776281859133,-0.12707841761308636,-7.894271724632622e-7,47.73803854969904,47.7380385691963,47.73128268006899,47.731282682588244,0.0,0.0,0.0,0.0,0.0,0.0,-9.4e-322,0.0,0.0,0.0
0.03914092427279009,3.869862857700323e-8,-0.12703767616364509,-0.12703799296560722,-0.12703771486228338,-0.12703803166423921,-3.1680195570986483e-7,47.73819778209636,47.73819780731357,47.7314439868842,47.73144403476951,0.0,0.0,0.0,0.0,0.0,0.0,-9.4e-322,0.0,0.0,0.0
0.039551015177451875,1.9551445132830895e-7,-0.12695864377149932,-0.12695823732267902,-0.12695883928595333,-0.12695843283713332,4.064488226877031e-7,47.738511469507195,47.73851147487553,47.731761795389,47.73176183586922,0.0,0.0,0.0,0.0,0.0,0.0,-9.4e-322,0.0,0.0,0.0
0.03996110608211366,2.812144664374858e-8,-0.12688093061613157,-0.12688063986727952,-0.12688095873757774,-0.12688066798872827,2.9074885355534413e-7,47.73881886217342,47.73881884935454,47.73207325334156,47.732073236579176,0.0,0.0,0.0,0.0,0.0,0.0,-9.4e-322,0.0,0.0,0.0
0.040371196986775444,-1.0275884594538821e-7,-0.12680458444739334,-0.12680474073821313,-0.12680448168854716,-0.12680463797936622,-1.5629081956807677e-7,47.73912007581029,47.73912006953078,47.732378439646176,47.732378411891034,0.0,0.0,0.0,0.0,0.0,0.0,-9.4e-322,0.0,0.0,0.0
0.04129416871423238,-2.012275444550489e-8,-0.12664227378983312,-0.12664234469254426,-0.1266422536670786,-0.12664232456978952,-7.090271108553722e-8,47.739761863965015,47.73976186501641,47.7330286628005,47.73302866122106,0.0,0.0,0.0,0.0,0.0,0.0,-9.4e-322,0.0,0.0,0.0
0.04221714044168932,1.3578010764202496e-9,-0.12648706356283626,-0.12648707115660154,-0.12648706492060263,-0.12648707251436744,-7.59373200378171e-9,47.74037565916877,47.740375659792555,47.7336505328642,47.73365053408584,0.0,0.0,0.0,0.0,0.0,0.0,-9.4e-322,0.0,0.0,0.0
0.04661565614936416,3.4477307579370377e-10,-0.12587938615936553,-0.12587938550978167,-0.1258793865041354,-0.1258793858545515,6.495869359212494e-10,47.742778464549644,47.74277846456252,47.73608495548197,47.73608495556094,0.0,0.0,0.0,0.0,0.0,0.0,-9.4e-322,0.0,0.0,0.0
0.051014171857039,6.051432165216035e-12,-0.12538020985734777,-0.12538020981055667,-0.1253802098649439,-0.1253802098164377,4.695590752410221e-11,47.74475223183804,47.74475223183655,47.73808469432564,47.73808469432476,0.0,0.0,0.0,0.0,0.0,0.0,-9.4e-322,0.0,0.0,0.0
0.061949133925356045,-7.23011867093324e-11,-0.12440012060604215,-0.12440011328541069,-0.12440012053077637,-0.12440011321345654,7.320296271462976e-9,47.748627570264986,47.748627569840146,47.7420110259286,47.742011025239435,0.0,0.0,0.0,0.0,0.0,0.0,-9.4e-322,0.0,0.0,0.0
0.0728840959936731,-9.891817397719347e-10,-0.12383244428716578,-0.12383245303341199,-0.12383244330090024,-0.12383245204389767,-8.745924885665028e-9,47.75087216071044,47.75087216106338,47.74428515130334,47.74428515169671,0.0,0.0,0.0,0.0,0.0,0.0,-9.4e-322,0.0,0.0,0.0
0.08381905806199014,2.607516904759053e-9,-0.12350685916369353,-0.12350683578254859,-0.12350686176152782,-0.12350683839116505,2.3380082499496978e-8,47.752159603552386,47.752159602604166,47.74558953479063,47.74558953372883,0.0,0.0,0.0,0.0,0.0,0.0,-9.4e-322,0.0,0.0,0.0
0.10483424716889246,-1.3085830120000992e-9,-0.12321356871427225,-0.12321357030471682,-0.123213567403348,-0.12321356899640022,-1.5907020619782032e-9,47.753319246441826,47.75331924634233,47.74676443674359,47.746764436358966,0.0,0.0,0.0,0.0,0.0,0.0,-9.4e-322,0.0,0.0,0.0
0.12584943627579478,7.842535462739876e-10,-0.12312484721027807,-0.12312484598763523,-0.12312484799586271,-0.1231248467705837,1.2228423861228738e-9,47.75367005750108,47.75367005758162,47.74711986358622,47.74711986395733,0.0,0.0,0.0,0.0,0.0,0.0,-9.4e-322,0.0,0.0,0.0
0.14686462538269712,-6.578204626399598e-10,-0.12309677375099497,-0.1230967747863627,-0.12309677309088958,-0.1230967741283766,-1.0356071444460776e-9,47.75378106023052,47.75378106015885,47.74723232723245,47.74723232686584,0.0,0.0,0.0,0.0,0.0,0.0,-9.4e-322,0.0,0.0,0.0
0.1858775810650519,1.2094321721852544e-9,-0.12308401763535697,-0.12308401649515509,-0.1230840188467249,-0.12308401770443542,1.140411141987952e-9,47.75383149902927,47.75383149913373,47.74728342942449,47.747283429799246,0.0,0.0,0.0,0.0,0.0,0.0,-9.4e-322,0.0,0.0,0.0
0.22489053674740667,-1.007380282080903e-9,-0.12308378388262389,-0.12308378463655256,-0.12308378287341241,-0.12308378362938456,-7.541758969144603e-10,47.75383242351787,47.753832423421514,47.74728436636615,47.74728436600971,0.0,0.0,0.0,0.0,0.0,0.0,-9.4e-322,0.0,0.0,0.0
0.2639034924297614,9.712751663510315e-10,-0.12308377953070726,-0.12308377886982773,-0.12308378050376163,-0.12308377984098462,6.610863776609978e-10,47.75383244075583,47.753832440852726,47.747284383539515,47.74728438389279,0.0,0.0,0.0,0.0,0.0,0.0,-9.4e-322,0.0,0.0,0.0
0.32219112398114025,-1.1409353296447082e-9,-0.12308377948189629,-0.12308378037580833,-0.12308377833924707,-0.12308377923500519,-8.940945697412848e-10,47.753832441645386,47.75383244153774,47.74728438472227,47.74728438435534,0.0,0.0,0.0,0.0,0.0,0.0,-9.4e-322,0.0,0.0,0.0
0.3804787555325191,1.1779734701123321e-9,-0.12308377934164993,-0.12308377836159419,-0.12308378052128348,-0.12308377953944157,9.80217047657666e-10,47.75383244095427,47.75383244106577,47.74728438374809,47.74728438412113,0.0,0.0,0.0,0.0,0.0,0.0,-9.4e-322,0.0,0.0,0.0
0.4387663870838979,-1.1607580304212299e-9,-0.12308377960488817,-0.12308378052179908,-0.12308377844252011,-0.12308377936116341,-9.170672828876556e-10,47.75383244116513,47.75383244105265,47.747284384235144,47.74728438386392,0.0,0.0,0.0,0.0,0.0,0.0,-9.4e-322,0.0,0.0,0.0
0.5145725504497745,1.087685794035722e-9,-0.12308377923219335,-0.12308377851395601,-0.123083780321454,-0.12308377960152025,7.184059076868659e-10,47.75383244104002,47.753832441150024,47.74728438384011,47.747284384201784,0.0,0.0,0.0,0.0,0.0,0.0,-9.4e-322,0.0,0.0,0.0
0.590378713815651,-9.926339343422247e-10,-0.1230837798269353,-0.12308378014280658,-0.12308377883276525,-0.12308377915029428,-3.1602278591837005e-10,47.753832441147345,47.7538324410411,47.74728438420494,47.74728438386402,0.0,0.0,0.0,0.0,0.0,0.0,-9.4e-322,0.0,0.0,0.0
0.6661848771815275,9.764548373416735e-10,-0.12308377906088203,-0.12308377879057723,-0.12308378003883724,-0.12308377976691326,2.704527323173564e-10,47.7538324410461,47.75383244115271,47.74728438385615,47.747284384195005,0.0,0.0,0.0,0.0,0.0,0.0,-9.4e-322,0.0,0.0,0.0
0.7562136416552216,-8.703206353364148e-8,-0.12308355573299065,-0.12308406226994778,-0.12308346882288795,-0.1230839752284833,-5.06523850135084e-7,47.75383243288773,47.75383244876056,47.747284379991,47.74728438863563,0.0,0.0,0.0,0.0,0.0,0.0,-9.4e-322,0.0,0.0,0.0
0.8462424061289158,-2.486874678727402e-8,-0.12308370911078362,-0.12308386577036888,-0.12308368428327521,-0.123083840898446,-1.5665514224707595e-7,47.75383243841783,47.75383244361882,47.747284382370275,47.74728438585048,0.0,0.0,0.0,0.0,0.0,0.0,-9.4e-322,0.0,0.0,0.0
0.9362711706026099,3.1234872635246216e-8,-0.12308386332883874,-0.12308367488084854,-0.12308389451639515,-0.12308370611936545,1.8844289283332025e-7,47.75383244423108,47.75383243815693,47.74728438576439,47.74728438209028,0.0,0.0,0.0,0.0,0.0,0.0,-9.4e-322,0.0,0.0,0.0
1.0,-8.019735973807692e-8,-0.12308357995542661,-0.1230840343590933,-0.12308349986380454,-0.12308395415357855,-4.5439232246526915e-7,47.753832433881335,47.753832447810616,47.74728438083626,47.74728438774601,0.0,0.0,0.0,0.0,0.0,0.0,-9.4e-322,0.0,0.0,0.0
